Id,Number
32660201,100
32660212,100
39513493,100
112287488,100
112319462,100
112337574,100
125586365,100
125586403,100
126759130,100
127299414,100
138331693,100
158711828,100
165420596,100
165479640,100
165491105,100
165518957,100
165518960,100
165567719,100
165567740,100
165791821,100
165887829,100
166435534,100
166499251,100
166552356,100
167030007,100
186252167,100
186252169,100
186275007,100
186275012,100
186275014,100
186347710,100
186545011,100
187895154,100
187895162,100
187895163,100
187895188,100
188114095,100
188114104,100
188114118,100
188114157,100
188114222,100
188114251,100
188114253,100
188238244,100
189017046,100
189027801,100
189067516,100
189067528,100
189067537,100
191937838,100
193085680,100
193106768,100
193142040,100
193256700,100
193268185,100
193288939,100
193288943,100
193824727,100
197647690,100
197647694,100
197983669,100
197983676,100
197995341,100
198047408,100
198123915,100
198265275,100
198265283,100
198265286,100
208935405,100
208936711,100
217624152,100
220428998,100
220550020,100
220688059,100
221049270,100
221049530,100
221054401,100
223360380,100
223507493,100
224451398,100
224493521,100
224493523,100
224493923,100
225532790,100
225638467,100
225638550,100
225652423,100
225654614,100
225656679,100
225753560,100
225888497,100
226022675,100
226185444,100
226186465,100
226191284,100
226937992,100
229128713,100
229128715,100
229128716,100
230976719,100
232405473,100
237665671,100
239934210,100
240892395,100
244010246,100
245159691,100
245161211,100
245161212,100
245161213,100
245161214,100
256582347,100
256668518,100
261588025,100
262962653,100
262963014,100
262963015,100
263313877,100
263313888,100
263444620,100
263502847,100
263506656,100
263506658,100
282222888,100
285745086,100
285859686,100
286258512,100
286297474,100
287137233,100
287137242,100
287137244,100
287478466,100
289834633,100
289862499,100
289862500,100
289862501,100
289862504,100
289862505,100
289862506,100
289862507,100
289862508,100
289862510,100
289862511,100
289862515,100
289862516,100
289862517,100
289862518,100
289862519,100
289862521,100
289862527,100
289862529,100
289862532,100
289862533,100
289862539,100
289862540,100
289862542,100
289862545,100
289862547,100
289862557,100
289862558,100
289862559,100
289862560,100
289968630,100
290167223,100
290167224,100
290167225,100
290167226,100
290167227,100
290167228,100
290167229,100
290167230,100
290167231,100
290167232,100
290167233,100
290167234,100
290167235,100
290167236,100
290167237,100
290167239,100
290167241,100
290171001,100
290172118,100
290188088,100
290188120,100
290188122,100
290188123,100
290230709,100
290230711,100
290230713,100
290230715,100
290230717,100
290230719,100
290230721,100
290230723,100
290230728,100
290230730,100
290230732,100
290230735,100
290230736,100
290230737,100
290230738,100
290230748,100
290230749,100
290247574,100
290307118,100
290307119,100
290307121,100
290360497,100
290397599,100
290397600,100
290397603,100
290397604,100
290397605,100
290397606,100
290397607,100
290397608,100
290397613,100
290397616,100
290397621,100
290397643,100
290403927,100
290404468,100
290404469,100
290404470,100
290482070,100
290482135,100
290483745,100
290487239,100
290487240,100
290487241,100
290487259,100
290487270,100
290487271,100
290487274,100
290729101,100
290789273,100
290789279,100
290789282,100
290789283,100
290789287,100
291493802,100
291732167,100
291853356,100
291853380,100
291853382,100
291961213,100
291963274,100
291963275,100
291963276,100
291963277,100
291964020,100
291965160,100
292021981,100
292021989,100
292023161,100
292023162,100
292068409,100
292068410,100
292068411,100
292068413,100
292068414,100
292068415,100
292068417,100
292070470,100
292070471,100
292839313,100
293460438,100
293460439,100
295616292,100
299682432,100
302293120,100
302293123,100
303966850,100
303966852,100
303966853,100
303966857,100
305448095,100
305448096,100
306032631,100
306251856,100
306649185,100
306649188,100
306656468,100
306656469,100
306996390,100
307665152,100
307668927,100
314207552,100
315265971,100
315886805,100
315899309,100
316635656,100
317500784,100
317501869,100
321939235,100
322170783,100
322993716,100
322993717,100
322993718,100
322993719,100
322993720,100
325249007,100
327090296,100
327090297,100
327090298,100
327243236,100
327414155,100
327443498,100
327444265,100
327591201,100
327596570,100
327596571,100
327898250,100
328191722,100
328191725,100
328191727,100
328191729,100
328191731,100
328191733,100
328191735,100
328211896,100
328211906,100
328211907,100
328211908,100
328366974,100
328366976,100
328366977,100
328366979,100
328366980,100
328366982,100
328366984,100
328366988,100
328366991,100
328374002,100
328374003,100
328374004,100
328374005,100
328374006,100
328374007,100
328374008,100
328374009,100
328374010,100
328374360,100
328374361,100
330239575,100
330239578,100
330653184,100
330871753,100
332139585,100
332139586,100
332139588,100
332139597,100
332139600,100
332397850,100
332397853,100
339349375,100
347254032,100
355577706,100
358303036,100
362001098,100
362001118,100
362220200,100
366664391,100
366664393,100
372555044,100
373719806,100
373721648,100
375888006,100
376483141,100
376923094,100
377269805,100
377269810,100
377269813,100
377269908,100
377269910,100
377269911,100
377308623,100
402881846,100
402881847,100
402881849,100
402881855,100
402881895,100
402927271,100
402927272,100
402927273,100
402927274,100
402927275,100
402927276,100
402927277,100
404525248,100
404900696,100
405079550,100
405079551,100
405079552,100
405083628,100
405083630,100
405083631,100
405095442,100
405098012,100
405098014,100
405098015,100
405098017,100
405098018,100
405098020,100
405101327,100
405101328,100
405105225,100
405116549,100
405116551,100
405116553,100
405240967,100
405240968,100
405240971,100
405244686,100
410427637,100
418085089,100
418298189,100
418907485,100
419464722,100
419478162,100
419478163,100
419720016,100
419720017,100
420032371,100
420032372,100
420032373,100
420032374,100
420032378,100
420032383,100
420032387,100
420032392,100
420032400,100
420287561,100
420287569,100
420287573,100
420287577,100
420287583,100
420287584,100
420287617,100
420287793,100
421603552,100
421603560,100
421970910,100
421970914,100
421970950,100
421970956,100
421970998,100
421977488,100
421977510,100
422386307,100
425307181,100
428440928,100
428537185,100
429991078,100
430204160,100
440707743,100
445916215,100
446074292,100
446074294,100
446074295,100
446474493,100
456501778,100
457452212,100
457602442,100
458865805,100
458865826,100
459133509,100
459682563,100
460356447,100
462131322,100
464035733,100
464092467,100
464094526,100
464095760,100
464096174,100
464098188,100
464098438,100
464099479,100
464099866,100
464109774,100
464110221,100
464111580,100
464115346,100
464233616,100
464315063,100
464316561,100
464731491,100
464732087,100
465125348,100
465303939,100
465315182,100
465335329,100
465339342,100
465816313,100
465861145,100
465963032,100
466339111,100
466527489,100
466561689,100
468755920,100
468755921,100
474635027,100
476899223,100
476900825,100
476900827,100
478832765,100
478832766,100
478832767,100
478832768,100
483833783,100
483834576,100
483834942,100
483835177,100
483835639,100
483835950,100
483838179,100
484670682,100
484671746,100
484671748,100
484671751,100
484671753,100
484671755,100
484673123,100
484849388,100
484849389,100
484849390,100
484886998,100
484887000,100
484887001,100
484897169,100
484897732,100
485859138,100
485859144,100
485859148,100
485859149,100
485859162,100
486019202,100
486019205,100
486019208,100
486019212,100
486038713,100
486038714,100
486113810,100
488607503,100
488613128,100
488614708,100
488616233,100
488616234,100
488618543,100
488618544,100
488618561,100
488622434,100
488622440,100
488623173,100
488623174,100
488623175,100
488623176,100
488623628,100
488623632,100
488623640,100
488623643,100
488633195,100
488633201,100
488633202,100
488633203,100
488636408,100
488636410,100
488636411,100
488636413,100
488636415,100
488636417,100
488636419,100
488636421,100
488636433,100
488636435,100
488636437,100
488636467,100
488641873,100
488641874,100
488646096,100
488648051,100
488648054,100
488648056,100
488648057,100
488648060,100
488648061,100
488648062,100
488648063,100
488648064,100
488648065,100
488648069,100
488648070,100
488648071,100
488648072,100
488648073,100
488651397,100
488651399,100
488651400,100
488651404,100
488651407,100
488651408,100
489086376,100
489086379,100
489086380,100
489319488,100
489591417,100
490267477,100
490267481,100
490267490,100
490582693,100
490627632,100
490681253,100
490681254,100
490681255,100
490681256,100
490681259,100
490689424,100
490689425,100
490689426,100
490689427,100
490689428,100
490689439,100
490689440,100
490689441,100
490689442,100
490690030,100
490937456,100
490937463,100
490937464,100
491365845,100
491365857,100
491365863,100
491365867,100
491365868,100
491709261,100
491709262,100
491709265,100
491709391,100
491709580,100
491712490,100
491720799,100
491720800,100
491720806,100
491724417,100
493155221,100
493155222,100
493155226,100
493157648,100
493162806,100
493162807,100
493162824,100
493162830,100
493174174,100
493174181,100
493174182,100
493174214,100
493448424,100
493448426,100
493793087,100
493793090,100
493793091,100
493793094,100
494796964,100
497179450,100
497179451,100
498972678,100
498998535,100
499204111,100
499206912,100
499426667,100
502252367,100
502267311,100
502532626,100
502729170,100
502896868,100
503010438,100
503010439,100
503010440,100
503010606,100
503216473,100
503314842,100
503373068,100
503373077,100
503373121,100
503373122,100
503561798,100
504152888,100
504157839,100
504399219,100
504399221,100
504714222,100
504794707,100
505440570,100
505440571,100
505440572,100
505440573,100
505440574,100
505440575,100
505440576,100
505440577,100
505443303,100
505443305,100
505443307,100
505443314,100
505444275,100
505987039,100
506318368,100
507538756,100
508064675,100
508078641,100
508351453,100
508741157,100
509015320,100
509025838,100
509640792,100
511205588,100
511306345,100
511517484,100
514174199,100
514174214,100
514726112,100
514726183,100
516054205,100
516054206,100
516639134,100
516639163,100
516774758,100
516774761,100
516774763,100
516774764,100
516774806,100
516774808,100
516774820,100
516774821,100
516774822,100
516774823,100
516774824,100
516774825,100
516774826,100
516774827,100
516774828,100
516774829,100
516774834,100
516774837,100
516932997,100
516941845,100
516941864,100
518517220,100
525565367,100
525565368,100
525565369,100
525565370,100
525565371,100
525565372,100
525565373,100
525565374,100
525565433,100
525565435,100
525565437,100
525565439,100
525565441,100
525565443,100
525565445,100
525565446,100
525565447,100
530119684,100
530911386,100
533312484,100
533426624,100
533428496,100
544325867,100
548717431,100
557002375,100
575067010,100
585932624,100
585932755,100
585935716,100
585935718,100
585972039,100
595614386,100
599234565,100
605281191,100
605281194,100
605281201,100
605373556,100
605774024,100
610251553,100
610251554,100
610251555,100
610571696,100
614383279,100
614383280,100
614385879,100
617582966,100
617924890,100
620913925,100
621721318,100
621721465,100
621721633,100
639395394,100
639395413,100
639395415,100
639395435,100
640353753,100
640353776,100
640353828,100
640353844,100
648014902,100
665759768,100
666569008,100
675572338,100
675572340,100
675572341,100
675572350,100
675572351,100
675640290,100
675640305,100
675640306,100
675661922,100
675755155,100
676059149,100
678167701,100
682199561,100
682199562,100
682250555,100
682250567,100
682250591,100
682250598,100
682415579,100
682421449,100
682689438,100
682689443,100
682689475,100
682692498,100
683697196,100
683697200,100
683910634,100
683917137,100
683917147,100
686564101,100
686564102,100
686564104,100
686564105,100
686792753,100
692117705,100
692121761,100
692141098,100
692141291,100
692145123,100
692706055,100
693157637,100
693343286,100
693895940,100
694928711,100
695895030,100
695895032,100
695895037,100
695895042,100
695895043,100
695895048,100
695895049,100
695900413,100
697210201,100
705136273,100
705136275,100
711567157,100
711567160,100
718755543,100
721494306,100
721494307,100
721851114,100
721903259,100
722383020,100
722383021,100
723521735,100
723521736,100
723521739,100
723830578,100
723832967,100
723832968,100
723847737,100
724259233,100
724501251,100
724501252,100
724501253,100
724501254,100
724581764,100
724657388,100
724836439,100
724836440,100
724934200,100
724934201,100
724934202,100
724934203,100
724934206,100
724980637,100
724980638,100
725219783,100
726080063,100
727014713,100
727362138,100
727362140,100
727362145,100
727362146,100
727836728,100
727836729,100
728097515,100
728097516,100
729766997,100
729766999,100
729767000,100
729767002,100
729767003,100
730144806,100
730144813,100
730144814,100
730144827,100
730235060,100
730787216,100
732223034,100
732223035,100
732349697,100
732349702,100
732489093,100
732503242,100
732503243,100
733000146,100
733000153,100
733162713,100
733162714,100
733162715,100
733162716,100
733166650,100
735212302,100
735217377,100
735217378,100
736995043,100
736995048,100
737799730,100
738278493,100
738556648,100
738556650,100
738556651,100
738557268,100
738557269,100
738557270,100
740942642,100
741591592,100
741591595,100
744269194,100
750365351,100
750405920,100
750470911,100
750471315,100
750472315,100
750475234,100
750478643,100
750480429,100
750489621,100
750490382,100
750491698,100
750497410,100
750498589,100
750500185,100
750502067,100
750514976,100
750515790,100
750518788,100
750565554,100
750614299,100
750614475,100
750619593,100
750620548,100
750620578,100
750620695,100
750620742,100
750621883,100
750622143,100
750622147,100
750622423,100
750622473,100
750623243,100
750623849,100
750624137,100
750624386,100
750624416,100
750624478,100
750624688,100
750625053,100
750625084,100
750625109,100
751936395,100
752165791,100
752927209,100
752927210,100
762471603,100
770631202,100
773419077,100
780088730,100
781003315,100
788523465,100
791993483,100
801710777,100
801848888,100
801887649,100
801887652,100
801887656,100
801887657,100
801902444,100
801950688,100
801950695,100
801950707,100
801958366,100
802061009,100
802069348,100
802069375,100
802069378,100
802069390,100
802069393,100
802069399,100
802069402,100
802069405,100
802069406,100
802069407,100
802125673,100
802157396,100
802157418,100
802157420,100
802157421,100
802157425,100
802157430,100
802157433,100
802157440,100
803149512,100
803149513,100
803199397,100
803199398,100
803279637,100
804173702,100
804925981,100
804925989,100
804926020,100
804926030,100
804926054,100
806860787,100
806860807,100
806860826,100
807297549,100
807297568,100
807423421,100
807423424,100
807424019,100
807577736,100
807681643,100
808022737,100
808022754,100
808022755,100
808022756,100
808022757,100
808022758,100
808241908,100
808241913,100
808255162,100
808321441,100
808321446,100
808419321,100
808465074,100
809033565,100
809033566,100
809033567,100
809033568,100
809033569,100
809033570,100
809033571,100
820887147,100
823281954,100
848415330,100
849735832,100
856455220,100
856455256,100
873334554,100
875562150,100
888931102,100
900288006,100
900288014,100
905408755,100
905413737,100
905413738,100
905421492,100
905705176,100
906089233,100
909715614,100
919652945,100
922838076,100
933079497,100
941591564,100
951342466,100
961031461,100
961031463,100
961345447,100
961616525,100
970514438,100
971864708,100
974080244,100
976029532,100
976324703,100
991643654,100
991653242,100
993528061,100
995168560,100
995169449,100
995175997,100
995180690,100
995186446,100
995188841,100
996185271,100
996821761,100
996823021,100
999355112,100
999361361,100
1000734827,100
1000734828,100
1005857502,100
1005857519,100
1005857520,100
1005857521,100
1009094392,100
1009763843,100
1009763844,100
1009763845,100
1010212880,100
1010212881,100
1010468582,100
1010846484,100
1010865548,100
1011566407,100
1012017721,100
1018400518,100
1019191662,100
1019513537,100
1023104421,100
1023160155,100
1023239482,100
1023239483,100
1023240914,100
1023256508,100
1023259261,100
1023619543,100
1023697343,100
1023697344,100
1023697345,100
1023697346,100
1023697348,100
1024308063,100
1024308065,100
1024454548,100
1024454549,100
1024454550,100
1024454555,100
1024454561,100
1024454562,100
1024454564,100
1024454566,100
1024454567,100
1024454573,100
1024454575,100
1035102536,100
1035102537,100
1035102545,100
1042810651,100
1042816907,100
1043658201,100
1046197467,100
1047597844,100
1047597845,100
1052673995,100
1052673996,100
1053215663,100
1060397794,100
1061400923,100
1062538284,100
1062930299,100
1065081777,100
1078097939,100
1080023303,100
1080063082,100
1082491359,100
1082491360,100
1082497107,100
1082497111,100
1082497112,100
1082497114,100
1082497115,100
1082497117,100
1084419582,100
1084423625,100
1084423626,100
1084423627,100
1084423628,100
1084423629,100
1084423630,100
1084423631,100
1084423632,100
1084423633,100
1084423634,100
1084423635,100
1084423636,100
1084423637,100
1084423638,100
1084423639,100
1084423646,100
1084423647,100
1085246192,100
1085962656,100
1086900724,100
1086984553,100
1098298115,100
1098537794,100
1098650160,100
1098703199,100
1101382176,100
1101900504,100
1104929649,100
1104929650,100
1105792207,100
1107118006,100
1108154111,100
1112095917,100
1112095918,100
1112264583,100
1112317313,100
1112434445,100
1112556358,100
1112668041,100
1112668042,100
1112668043,100
1112699243,100
1112699244,100
1112761026,100
1113128555,100
1113128556,100
1113128557,100
1113128558,100
1113128559,100
1113128560,100
1113128561,100
1113128562,100
1113128563,100
1113128564,100
1113128565,100
1113142878,100
1113142879,100
1113142886,100
1113142887,100
1113145270,100
1113147167,100
1113147168,100
1113147169,100
1113147170,100
1113147171,100
1113150106,100
1113150107,100
1113150113,100
1113150114,100
1113161218,100
1113161219,100
1113161224,100
1113161234,100
1113161235,100
1113161239,100
1113161240,100
1113161247,100
1113161248,100
1113161256,100
1113161257,100
1113161258,100
1113161259,100
1113164076,100
1113164077,100
1113164078,100
1113164079,100
1113164080,100
1113267211,100
1113267218,100
1113267219,100
1113267220,100
1113267222,100
1113267223,100
1113271918,100
1113271922,100
1113271923,100
1113271924,100
1113379934,100
1113379959,100
1113379960,100
1113379961,100
1113379962,100
1113379963,100
1113379964,100
1113379965,100
1113379975,100
1113379976,100
1113379977,100
1113382247,100
1113382248,100
1113382249,100
1113382250,100
1113382251,100
1113389918,100
1113389919,100
1113389920,100
1113389921,100
1113403370,100
1113403376,100
1113403377,100
1113403385,100
1113403386,100
1113403387,100
1113403388,100
1113403398,100
1113403407,100
1113403408,100
1113403409,100
1113411264,100
1113411265,100
1113411266,100
1113411267,100
1113427332,100
1113427333,100
1113427334,100
1113427335,100
1113427336,100
1113427337,100
1113427338,100
1113427339,100
1113427340,100
1113427341,100
1113427342,100
1113427343,100
1113427364,100
1113427365,100
1113427366,100
1113427367,100
1113427368,100
1113427369,100
1113427370,100
1113427371,100
1113427373,100
1113427374,100
1113427375,100
1113427376,100
1113427377,100
1113427378,100
1113427379,100
1113427380,100
1113427381,100
1113427382,100
1113427383,100
1113427384,100
1113427385,100
1113427386,100
1113442566,100
1113442576,100
1113442577,100
1113442578,100
1113442579,100
1113445272,100
1113445273,100
1113642919,100
1113642920,100
1113642921,100
1113642922,100
1113642923,100
1113642924,100
1113642925,100
1113642926,100
1113642938,100
1113642939,100
1113642948,100
1113642949,100
1113694393,100
1113694394,100
1113738606,100
1113738607,100
1114728515,100
1114743039,100
1114743040,100
1114743041,100
1114743046,100
1114743049,100
1114743050,100
1114743051,100
1114743053,100
1114743054,100
1114743059,100
1114743062,100
1114743063,100
1114743066,100
1114743068,100
1114743069,100
1114743074,100
1114743075,100
1114743076,100
1114743082,100
1114743083,100
1114743084,100
1114743086,100
1114743089,100
1114743090,100
1114743091,100
1114743092,100
1114743094,100
1114743095,100
1114743096,100
1114743097,100
1114743098,100
1114743099,100
1114743100,100
1114743102,100
1114743104,100
1114743105,100
1114743109,100
1114743110,100
1114743111,100
1114743112,100
1114998032,100
1114998034,100
1114998035,100
1114998039,100
1114998040,100
1114998042,100
1114998051,100
1115007258,100
1115082331,100
1115082332,100
1115082333,100
1115082339,100
1115082374,100
1115315783,100
1115566352,100
1116582921,100
1116582922,100
1116881315,100
1118912372,100
1119042793,100
1119128707,100
1119128723,100
1119168815,100
1119168817,100
1119190791,100
1119190792,100
1119190793,100
1119190794,100
1119190797,100
1119371301,100
1119371302,100
1119461488,100
1119461489,100
1119461490,100
1119461491,100
1119461492,100
1119461493,100
1119461494,100
1119461495,100
1119461496,100
1119461498,100
1119461499,100
1119461500,100
1119461501,100
1119461502,100
1119461503,100
1119461504,100
1119461505,100
1119461506,100
1119461507,100
1119570401,100
1119575728,100
1119575729,100
1119575739,100
1119575740,100
1119575741,100
1119575742,100
1120055848,100
1120055849,100
1120055850,100
1120055851,100
1120055852,100
1120055853,100
1120055854,100
1120055863,100
1120055864,100
1120066458,100
1120066460,100
1120066461,100
1120066463,100
1120066464,100
1120066465,100
1120066467,100
1120073916,100
1120073917,100
1120073918,100
1120073919,100
1120073920,100
1120073921,100
1124131020,100
1124131021,100
1124131022,100
1124131023,100
1124131024,100
1125506598,100
1125567704,100
1127570569,100
1127570574,100
1127570575,100
1127570576,100
1127570577,100
1127570578,100
1127570579,100
1127570580,100
1127570581,100
1127570583,100
1127570586,100
1127570587,100
1127570594,100
1127570595,100
1127570598,100
1128460413,100
1131926538,100
1131926539,100
1131926540,100
1131926541,100
1131926542,100
1131971504,100
1137249721,100
1137252810,100
1137449754,100
1137449779,100
1137449780,100
1137449781,100
1139090888,100
1139090892,100
1139090909,100
1139090910,100
1139090950,100
1139090958,100
1139091040,100
1139091053,100
1139091056,100
1139091057,100
1139091058,100
1139091059,100
1139091060,100
1141519084,100
1141519087,100
1141519088,100
1141519092,100
1141519093,100
1141519107,100
1141519108,100
1141571619,100
1141571620,100
1141571633,100
1141571634,100
1141571635,100
1141592060,100
1141592061,100
1141592070,100
1143905746,100
1143905761,100
1143905770,100
1143905789,100
1143925619,100
1143925620,100
1143925631,100
1143925651,100
1143925652,100
1143925653,100
1143925655,100
1144061018,100
1144061019,100
1144061020,100
1144061021,100
1144069573,100
1144069575,100
1144860478,100
1144860479,100
1144860480,100
1144860481,100
1144875368,100
1144875369,100
1144902499,100
1144902514,100
1144902515,100
1144921844,100
1144921845,100
1144921846,100
1144921852,100
1144921853,100
1144921857,100
1145069144,100
1145069145,100
1145069148,100
1145069154,100
1145069155,100
1145069157,100
1145069162,100
1145069165,100
1145069176,100
1145069182,100
1145069184,100
1145069188,100
1145069193,100
1145069194,100
1145069203,100
1145069204,100
1145069209,100
1145069211,100
1145069212,100
1145100858,100
1145100859,100
1145100861,100
1145100862,100
1145100863,100
1145111273,100
1145145542,100
1145145547,100
1145220862,100
1145220867,100
1145220885,100
1145235462,100
1145235466,100
1145235472,100
1145235476,100
1145293168,100
1145357857,100
1146029036,100
1146059491,100
1146140858,100
1146405195,100
1147335557,100
1148026451,100
1148112512,100
1148760840,100
1148760841,100
1148810706,100
1149368554,100
1149376555,100
1149445512,100
1149445516,100
1149480383,100
1149480391,100
1149480392,100
1149480393,100
1149480402,100
1149480406,100
1149480407,100
1149757238,100
1150109040,100
1150109041,100
1150109042,100
1150109045,100
1150109046,100
1150109049,100
1150109050,100
1150109053,100
1150109054,100
1150109057,100
1150109058,100
1150109059,100
1150117070,100
1150117072,100
1150117074,100
1150124187,100
1150124189,100
1150124201,100
1150142902,100
1150142904,100
1150142905,100
1150142906,100
1150142907,100
1150142908,100
1150142909,100
1150151397,100
1150151398,100
1150151399,100
1150151400,100
1150151401,100
1150151402,100
1150151403,100
1150151404,100
1150151405,100
1150151406,100
1150151407,100
1150151408,100
1150151409,100
1150165097,100
1150165098,100
1150182626,100
1150182627,100
1150182628,100
1150182629,100
1150182630,100
1150182631,100
1150182632,100
1150182633,100
1150182634,100
1150182635,100
1150182636,100
1150182637,100
1150182638,100
1150182639,100
1150182642,100
1150182643,100
1150194907,100
1150194908,100
1150209716,100
1150209720,100
1150209726,100
1150225323,100
1150225324,100
1150225325,100
1150225326,100
1150225327,100
1150225328,100
1150225329,100
1150225331,100
1150225332,100
1150225333,100
1150225334,100
1150225335,100
1150225336,100
1150225337,100
1150225338,100
1150225339,100
1150225340,100
1150225341,100
1150225349,100
1150225350,100
1150225351,100
1150225352,100
1150230297,100
1150230298,100
1150230299,100
1150230300,100
1150230303,100
1150230304,100
1150230305,100
1150230306,100
1150230309,100
1150230310,100
1150230311,100
1150230312,100
1150230313,100
1150230314,100
1150230315,100
1150230316,100
1150230317,100
1150230318,100
1150230319,100
1150230320,100
1150356347,100
1150754495,100
1150765399,100
1151026860,100
1151026869,100
1151026873,100
1151186324,100
1151199135,100
1151199136,100
1151199137,100
1151279307,100
1151427611,100
1151622022,100
1151905384,100
1152226348,100
1152236288,100
1152236289,100
1152236290,100
1152236291,100
1152245718,100
1152332274,100
1152676504,100
1152678587,100
1152739682,100
1153022842,100
1153040571,100
1153125659,100
1153199107,100
1153401837,100
1153401838,100
1153401839,100
1153401840,100
1153401845,100
1153401846,100
1153401847,100
1153401848,100
1153401849,100
1153404957,100
1153404958,100
1153405620,100
1153405621,100
1153405622,100
1153405775,100
1153408831,100
1153408832,100
1153420706,100
1153420707,100
1153462854,100
1153477019,100
1153477652,100
1153479141,100
1154189842,100
1154279487,100
1154291262,100
1154291266,100
1154291272,100
1154291275,100
1154291278,100
1154291279,100
1154291280,100
1154291282,100
1154548023,100
1154548025,100
1154552434,100
1154554419,100
1154557118,100
1154576341,100
1154576342,100
1154709517,100
1155035042,100
1155035043,100
1155035044,100
1155272469,100
1155363485,100
1155363489,100
1155363491,100
1155363492,100
1155363502,100
1155363505,100
1155363506,100
1155363507,100
1155363508,100
1155363509,100
1155363510,100
1155363511,100
1155363512,100
1155955878,100
1155962189,100
1155962190,100
1155972172,100
1155972182,100
1156022346,100
1156022354,100
1156022367,100
1156022372,100
1156022373,100
1156038981,100
1156038982,100
1156038983,100
1156038990,100
1156038992,100
1156038993,100
1156038994,100
1156109450,100
1156109451,100
1156109463,100
1156109464,100
1156109465,100
1156109466,100
1156109467,100
1156109468,100
1156109469,100
1156109470,100
1156109471,100
1156111205,100
1156381701,100
1156395769,100
1156395770,100
1156395771,100
1156525382,100
1156525390,100
1156525394,100
1156525397,100
1156525401,100
1156525756,100
1156539131,100
1157220563,100
1157234543,100
1157243483,100
1157245090,100
1157248744,100
1157417992,100
1157432553,100
1157432555,100
1157438656,100
1157438660,100
1157444178,100
1157453107,100
1157453114,100
1157453115,100
1157459632,100
1157467226,100
1158434981,100
1158434984,100
1158434987,100
1158434996,100
1159204527,100
1159211893,100
1159211894,100
1159237473,100
1159237474,100
1159237484,100
1159237485,100
1159873205,100
1159873208,100
1159873209,100
1159873211,100
1159873212,100
1159873214,100
1159873215,100
1159873216,100
1159873222,100
1159873223,100
1159873226,100
1159873228,100
1159873229,100
1160132942,100
1160132948,100
1160132949,100
1160132950,100
1160132951,100
1160132952,100
1160132953,100
1160132955,100
1160132956,100
1160132957,100
1160132959,100
1160132960,100
1160132961,100
1160132962,100
1160244836,100
1160244837,100
1160244838,100
1160244840,100
1160244844,100
1160244850,100
1160244853,100
1160370548,100
1160370549,100
1160383352,100
1160383353,100
1160383354,100
1160383355,100
1160383356,100
1160383357,100
1160383358,100
1160383359,100
1160383360,100
1160383361,100
1160383362,100
1160383363,100
1160383364,100
1160389152,100
1160389154,100
1160389155,100
1160389156,100
1160389157,100
1160414862,100
1160414863,100
1160414864,100
1160414865,100
1160414866,100
1160414867,100
1160414868,100
1160635186,100
1160635187,100
1160826611,100
1161059291,100
1161724029,100
1161724034,100
1161732009,100
1162662135,100
1162662136,100
1162662137,100
1162662138,100
1162662139,100
1162662140,100
1162662141,100
1162779532,100
1162779533,100
1162779534,100
1162779535,100
1163500974,100
1163554943,100
1168929292,100
1171307270,100
1171308462,100
1171321153,100
1171323303,100
1171323304,100
1171500779,100
1171500780,100
1171500781,100
1171501746,100
1171501747,100
1171501748,100
1171501749,100
1171501750,100
1171507367,100
1171507368,100
1171507370,100
1171507375,100
1171510656,100
1173264964,100
1175244453,100
1175539435,100
1175730527,100
1175730540,100
1175730547,100
1175730550,100
1177836560,100
1179662747,100
1179944867,100
1179944868,100
1180286992,100
1180691074,100
1180691709,100
1181120541,100
1182468047,100
1182468048,100
1182468049,100
1182468050,100
1183945562,100
1184879650,100
1186159000,100
1189112117,100
1189600190,100
1189600210,100
1189600214,100
1190725781,100
1190725784,100
1190725791,100
1193000590,100
1196987523,100
1201585015,100
1201883648,100
1201883649,100
1201883651,100
1201883652,100
1201883653,100
1210071504,100
1210071505,100
1210071506,100
1210315507,100
1210315515,100
1210579540,100
1210729160,100
1210895330,100
1210896002,100
1210896409,100
1211031816,100
1211625237,100
1211787161,100
1211892306,100
1211892319,100
1211892325,100
1212006795,100
1212006814,100
1212006817,100
1212006818,100
1212006827,100
1212070966,100
1212070968,100
1212070974,100
1212070980,100
1212070981,100
1212070986,100
1212070993,100
1213020755,100
1213393839,100
1213393843,100
1213393849,100
1213393852,100
1213659920,100
1213659921,100
1213659927,100
1214005381,100
1214094885,100
1214094891,100
1214094911,100
1214273235,100
1214273243,100
1214584068,100
1214584077,100
1214584079,100
1214584085,100
1214584086,100
1214584087,100
1214584097,100
1214695917,100
1214695923,100
1215108834,100
1215108835,100
1215418780,100
1215418792,100
1215418803,100
1215518805,100
1215518806,100
1215518807,100
1215518810,100
1215518826,100
1215596724,100
1215596738,100
1215704533,100
1215704534,100
1215704538,100
1216840355,100
1216840357,100
1216840361,100
1216840362,100
1216840366,100
1216840367,100
1216840371,100
1216840382,100
1216845865,100
1216969525,100
1216969554,100
1216969559,100
1216969562,100
1216969597,100
1216969602,100
1216969604,100
1217124519,100
1217124522,100
1217348536,100
1217348538,100
1217348546,100
1217413268,100
1217682890,100
1217682891,100
1218000303,100
1218095024,100
1218095025,100
1218095026,100
1218095027,100
1218095028,100
1218095029,100
1218095030,100
1218095031,100
1218095032,100
1218095033,100
1218095034,100
1218095035,100
1218211271,100
1218211272,100
1218345206,100
1218345213,100
1218358129,100
1218508761,100
1218511186,100
1218512261,100
1218559344,100
1218993296,100
1218993298,100
1219016762,100
1219050926,100
1219251785,100
1219251786,100
1219274875,100
1219278789,100
1219278792,100
1219293351,100
1219553562,100
1219567036,100
1219698145,100
1219698157,100
1219698160,100
1219763298,100
1219819343,100
1220009189,100
1220077875,100
1220179189,100
1220207223,100
1220207227,100
1220207242,100
1220207253,100
1220207266,100
1220207270,100
1220277440,100
1220604741,100
1220604742,100
1220604743,100
1220604744,100
1221231551,100
1221231555,100
1221239042,100
1221371347,100
1221371360,100
1221371377,100
1221371381,100
1221371389,100
1221493474,100
1221493477,100
1221493478,100
1221493480,100
1221493485,100
1221493488,100
1221493489,100
1221539755,100
1221672894,100
1221686018,100
1221686019,100
1221686026,100
1221686034,100
1221739639,100
1221752722,100
1221967453,100
1221967461,100
1221967470,100
1221967484,100
1221967505,100
1221967506,100
1221967513,100
1222153986,100
1222153987,100
1222153990,100
1222153994,100
1222153995,100
1222153996,100
1222153998,100
1222154006,100
1222272518,100
1222272525,100
1222272526,100
1222272529,100
1222272531,100
1222272535,100
1222272537,100
1222575902,100
1222575903,100
1222575911,100
1222703228,100
1222718587,100
1222718590,100
1222718595,100
1222718597,100
1222975823,100
1223121496,100
1223121500,100
1223122837,100
1223122838,100
1223122839,100
1223204116,100
1223224817,100
1223224818,100
1223224819,100
1223242236,100
1223243374,100
1223243375,100
1223245511,100
1223353817,100
1223353818,100
1223356297,100
1223356300,100
1223359282,100
1223359283,100
1223359290,100
1223367806,100
1223367847,100
1223373335,100
1223385208,100
1223402498,100
1223409425,100
1223412799,100
1223732744,100
1223732745,100
1223736805,100
1223736806,100
1223800137,100
1223800138,100
1224010441,100
1224015928,100
1224023690,100
1224023698,100
1224023699,100
1224023700,100
1224023871,100
1224569178,100
1224833466,100
1224833467,100
1224833468,100
1224833469,100
1224952829,100
1224952833,100
1224952834,100
1224952835,100
1225122777,100
1225138785,100
1225138786,100
1225145328,100
1225193100,100
1225233357,100
1225233380,100
1225407843,100
1225466934,100
1226377024,100
1226734707,100
1226734712,100
1226734721,100
1226734723,100
1228058573,100
1228196767,100
1228196773,100
1228196776,100
1228196792,100
1228220094,100
1228346566,100
1228346568,100
1228346569,100
1228346577,100
1228468291,100
1229208507,100
1229662224,100
1229841144,100
1229853772,100
1229893408,100
1230157237,100
1230157239,100
1230255758,100
1230255759,100
1230295239,100
1230311574,100
1230311575,100
1230311576,100
1230311577,100
1230311578,100
1230311580,100
1230332388,100
1230372724,100
1230372725,100
1230536590,100
1230536591,100
1230536598,100
1230637662,100
1230637664,100
1232206683,100
1232206684,100
1232206685,100
1232206690,100
1232206691,100
1232206692,100
1232206693,100
1232967340,100
1232967341,100
1232967342,100
1232967343,100
1233549658,100
1233549666,100
1233549670,100
1233549677,100
1234106560,100
1234236083,100
1234254071,100
1234254074,100
1234447703,100
1234447711,100
1234682332,100
1234682335,100
1234849264,100
1234849276,100
1234849277,100
1234849278,100
1234849280,100
1234849282,100
1234849285,100
1234849286,100
1234849288,100
1234849289,100
1234849290,100
1234853953,100
1235149472,100
1235249795,100
1235727051,100
1236093827,100
1236093828,100
1236634377,100
1237300700,100
1237558759,100
1237558760,100
1237558761,100
1237558762,100
1237558763,100
1237558767,100
1237558768,100
1237558772,100
1237558773,100
1237558774,100
1237558775,100
1237558776,100
1237558777,100
1237558780,100
1237558781,100
1237558782,100
1237558783,100
1237558784,100
1237558785,100
1237558786,100
1237558787,100
1237558788,100
1237558789,100
1237558790,100
1237558791,100
1237571503,100
1237819956,100
1237819962,100
1237984593,100
1238805849,100
1238805850,100
1238805851,100
1238865698,100
1238865699,100
1239355096,100
1239862985,100
1239928932,100
1239928936,100
1240951103,100
1241077912,100
1242295663,100
1242295677,100
1242295680,100
1242436403,100
1242436404,100
1242436405,100
1242436406,100
1242436407,100
1242436408,100
1242436409,100
1242436410,100
1242436411,100
1242436412,100
1242436413,100
1242436415,100
1242436416,100
1242436417,100
1242436418,100
1242436419,100
1242458842,100
1242486499,100
1242486507,100
1242486508,100
1244567333,100
1244567334,100
1244567335,100
1244567336,100
1246114543,100
1246114544,100
1246308662,100
1246325910,100
1246325923,100
1259308491,100
1259324665,100
1259324666,100
1259324667,100
1259324668,100
1259324669,100
1259324670,100
1259350669,100
1259350670,100
1259350671,100
1261863636,100
1263049466,100
1265284987,100
1265284988,100
1265284989,100
1265284990,100
1266187954,100
1266187955,100
1266187956,100
1271059878,100
1271061067,100
1271061068,100
1271061069,100
1271675755,100
1271675756,100
1271675757,100
1271884760,100
1271884761,100